{
    "masterleagues": 0.5333333333333333,
    "grandmasterleagues": 0.5518583729951305,
    "challengerleagues": 0.569490434142752,
    "DIAMOND_I": 0.5146502547207223,
    "DIAMOND_II": 0.5077491936118324,
    "DIAMOND_III": 0.512145948072384,
    "DIAMOND_IV": 0.5137925787448645,
    "EMERALD_I": 0.5081339775741183,
    "EMERALD_II": 0.5090251401700127,
    "EMERALD_III": 0.5103980986333927,
    "EMERALD_IV": 0.5055426023642984,
    "PLATINUM_I": 0.5085791471962617,
    "PLATINUM_II": 0.5087420972313058,
    "PLATINUM_III": 0.5045968286099864,
    "PLATINUM_IV": 0.5055184960582171,
    "GOLD_I": 0.5041325136612022,
    "GOLD_II": 0.5068394024276377,
    "GOLD_III": 0.5077561830419371,
    "GOLD_IV": 0.5041152960303481,
    "SILVER_I": 0.5027025058275059,
    "SILVER_II": 0.5008361204013378,
    "SILVER_III": 0.5026254609587943,
    "SILVER_IV": 0.5039846329692659,
    "BRONZE_I": 0.496999590349974,
    "BRONZE_II": 0.5026445110777944,
    "BRONZE_III": 0.49947807933194155,
    "BRONZE_IV": 0.4968030939054726,
    "IRON_I": 0.49090791088454644,
    "IRON_II": 0.48886689757545765,
    "IRON_III": 0.47948133371330864,
    "IRON_IV": 0.46869180252883325
}