{
    "masterleagues": {
        "count": 5899.0,
        "mean": 0.5482832343485121,
        "std": 0.05611704032771574,
        "min": 0.4383561643835616,
        "25%": 0.5094339622641509,
        "50%": 0.5333333333333333,
        "75%": 0.5714285714285714,
        "max": 1.0
    },
    "grandmasterleagues": {
        "count": 700.0,
        "mean": 0.562899851706597,
        "std": 0.04206647971679253,
        "min": 0.49606299212598426,
        "25%": 0.5336164413950466,
        "50%": 0.5518583729951305,
        "75%": 0.5815602836879432,
        "max": 0.7818181818181819
    },
    "challengerleagues": {
        "count": 300.0,
        "mean": 0.5784893224844638,
        "std": 0.039336698630326614,
        "min": 0.5093945720250522,
        "25%": 0.5492315035799522,
        "50%": 0.569490434142752,
        "75%": 0.5991151478656497,
        "max": 0.78125
    },
    "DIAMOND_I": {
        "count": 100.0,
        "mean": 0.5160167478712577,
        "std": 0.025554800106426565,
        "min": 0.46865671641791046,
        "25%": 0.4955064530460681,
        "50%": 0.5146502547207223,
        "75%": 0.5347650620942018,
        "max": 0.5726141078838174
    },
    "DIAMOND_II": {
        "count": 100.0,
        "mean": 0.5115440320660045,
        "std": 0.026813734940434767,
        "min": 0.437125748502994,
        "25%": 0.49297412272967733,
        "50%": 0.5077491936118324,
        "75%": 0.5285448532451427,
        "max": 0.5959183673469388
    },
    "DIAMOND_III": {
        "count": 100.0,
        "mean": 0.5131825979244614,
        "std": 0.02491485242684416,
        "min": 0.46,
        "25%": 0.4995928338762215,
        "50%": 0.512145948072384,
        "75%": 0.523989218328841,
        "max": 0.5902439024390244
    },
    "DIAMOND_IV": {
        "count": 100.0,
        "mean": 0.5143923096713432,
        "std": 0.02374237920162023,
        "min": 0.4626865671641791,
        "25%": 0.4996498599439776,
        "50%": 0.5137925787448645,
        "75%": 0.530327479829141,
        "max": 0.583710407239819
    },
    "EMERALD_I": {
        "count": 100.0,
        "mean": 0.5101203160299708,
        "std": 0.023998669821429643,
        "min": 0.44765342960288806,
        "25%": 0.49443682979924214,
        "50%": 0.5081339775741183,
        "75%": 0.5217884628033941,
        "max": 0.5980861244019139
    },
    "EMERALD_II": {
        "count": 100.0,
        "mean": 0.5095495543709907,
        "std": 0.021447022888162977,
        "min": 0.4708171206225681,
        "25%": 0.492990190675631,
        "50%": 0.5090251401700127,
        "75%": 0.5242169649657273,
        "max": 0.5615384615384615
    },
    "EMERALD_III": {
        "count": 100.0,
        "mean": 0.5093072859947047,
        "std": 0.021111083684111923,
        "min": 0.46387832699619774,
        "25%": 0.4977973568281938,
        "50%": 0.5103980986333927,
        "75%": 0.5218353212774144,
        "max": 0.5714285714285714
    },
    "EMERALD_IV": {
        "count": 100.0,
        "mean": 0.5060509197593204,
        "std": 0.021340946046423656,
        "min": 0.43478260869565216,
        "25%": 0.4948566534439236,
        "50%": 0.5055426023642984,
        "75%": 0.5203339747113799,
        "max": 0.5529953917050692
    },
    "PLATINUM_I": {
        "count": 100.0,
        "mean": 0.5063956754436731,
        "std": 0.024757943260913812,
        "min": 0.44398340248962653,
        "25%": 0.4949984410725421,
        "50%": 0.5085791471962617,
        "75%": 0.5224126528005839,
        "max": 0.5588235294117647
    },
    "PLATINUM_II": {
        "count": 100.0,
        "mean": 0.5099116596791022,
        "std": 0.024554992290466416,
        "min": 0.44907407407407407,
        "25%": 0.4954080293886119,
        "50%": 0.5087420972313058,
        "75%": 0.5250648628613788,
        "max": 0.5829383886255924
    },
    "PLATINUM_III": {
        "count": 100.0,
        "mean": 0.5070238845241107,
        "std": 0.018343631434329464,
        "min": 0.4669260700389105,
        "25%": 0.4936437224968762,
        "50%": 0.5045968286099864,
        "75%": 0.5200004188130838,
        "max": 0.5440613026819924
    },
    "PLATINUM_IV": {
        "count": 100.0,
        "mean": 0.5030812213246806,
        "std": 0.02074081400518938,
        "min": 0.43641618497109824,
        "25%": 0.491728895393198,
        "50%": 0.5055184960582171,
        "75%": 0.5158371040723982,
        "max": 0.5615763546798029
    },
    "GOLD_I": {
        "count": 100.0,
        "mean": 0.5016167741003182,
        "std": 0.01810421507597149,
        "min": 0.4474885844748858,
        "25%": 0.48908692594796344,
        "50%": 0.5041325136612022,
        "75%": 0.510617020110691,
        "max": 0.5410628019323671
    },
    "GOLD_II": {
        "count": 100.0,
        "mean": 0.5075964600587536,
        "std": 0.019466410250711223,
        "min": 0.460093896713615,
        "25%": 0.4945185342613747,
        "50%": 0.5068394024276377,
        "75%": 0.5187043189368771,
        "max": 0.5521235521235521
    },
    "GOLD_III": {
        "count": 100.0,
        "mean": 0.5096772767198751,
        "std": 0.01884779719961485,
        "min": 0.4635036496350365,
        "25%": 0.4979209708501884,
        "50%": 0.5077561830419371,
        "75%": 0.5199013984566715,
        "max": 0.551440329218107
    },
    "GOLD_IV": {
        "count": 100.0,
        "mean": 0.5037954543149253,
        "std": 0.017765697970664178,
        "min": 0.46184738955823296,
        "25%": 0.4892751027717856,
        "50%": 0.5041152960303481,
        "75%": 0.5155202564849898,
        "max": 0.5671641791044776
    },
    "SILVER_I": {
        "count": 100.0,
        "mean": 0.5039155501714392,
        "std": 0.01704184179100813,
        "min": 0.4444444444444444,
        "25%": 0.49568654973665904,
        "50%": 0.5027025058275059,
        "75%": 0.5138231884057971,
        "max": 0.5485436893203883
    },
    "SILVER_II": {
        "count": 100.0,
        "mean": 0.5015569889525616,
        "std": 0.02112020218620618,
        "min": 0.4577777777777778,
        "25%": 0.4874665135859166,
        "50%": 0.5008361204013378,
        "75%": 0.5120701754385966,
        "max": 0.5615763546798029
    },
    "SILVER_III": {
        "count": 100.0,
        "mean": 0.5034177938185345,
        "std": 0.018002953767812864,
        "min": 0.46411483253588515,
        "25%": 0.49089931077913446,
        "50%": 0.5026254609587943,
        "75%": 0.5161333385428877,
        "max": 0.5544554455445545
    },
    "SILVER_IV": {
        "count": 100.0,
        "mean": 0.5001594751452543,
        "std": 0.019210193300046335,
        "min": 0.45,
        "25%": 0.48807394156231365,
        "50%": 0.5039846329692659,
        "75%": 0.5123305126079111,
        "max": 0.5639810426540285
    },
    "BRONZE_I": {
        "count": 100.0,
        "mean": 0.49914497490433185,
        "std": 0.017322180320543567,
        "min": 0.4507042253521127,
        "25%": 0.48824999426828986,
        "50%": 0.496999590349974,
        "75%": 0.5102125239154041,
        "max": 0.5480769230769231
    },
    "BRONZE_II": {
        "count": 100.0,
        "mean": 0.5004753618318896,
        "std": 0.018788336236802775,
        "min": 0.4622222222222222,
        "25%": 0.48869562267369726,
        "50%": 0.5026445110777944,
        "75%": 0.5146512935883014,
        "max": 0.5464684014869888
    },
    "BRONZE_III": {
        "count": 100.0,
        "mean": 0.4985469916125709,
        "std": 0.01995946708712606,
        "min": 0.41232227488151657,
        "25%": 0.4871318272805262,
        "50%": 0.49947807933194155,
        "75%": 0.5111994371403369,
        "max": 0.5445544554455446
    },
    "BRONZE_IV": {
        "count": 100.0,
        "mean": 0.49592245106460714,
        "std": 0.015520456801259781,
        "min": 0.4460093896713615,
        "25%": 0.4860024284943335,
        "50%": 0.4968030939054726,
        "75%": 0.5066968325791855,
        "max": 0.5301724137931034
    },