{
    "DIAMOND_I": {
        "count": 100.0,
        "mean": 0.5174363264197226,
        "std": 0.025680676980482563,
        "min": 0.473568281938326,
        "25%": 0.5,
        "50%": 0.5116284059214761,
        "75%": 0.5304615353930231,
        "max": 0.6208530805687204
    },
    "DIAMOND_II": {
        "count": 100.0,
        "mean": 0.5096443111647563,
        "std": 0.02415842749921482,
        "min": 0.4604651162790698,
        "25%": 0.48948702239055364,
        "50%": 0.5119447436791078,
        "75%": 0.5252108631614639,
        "max": 0.5822222222222222
    },
    "DIAMOND_III": {
        "count": 100.0,
        "mean": 0.5155518829992942,
        "std": 0.021496529405069083,
        "min": 0.46875,
        "25%": 0.5022198451314868,
        "50%": 0.5147997496871088,
        "75%": 0.5262418152131831,
        "max": 0.587378640776699
    },
    "DIAMOND_IV": {
        "count": 100.0,
        "mean": 0.5136190089872104,
        "std": 0.02364099616615882,
        "min": 0.45754716981132076,
        "25%": 0.4982018677497769,
        "50%": 0.5134601449275362,
        "75%": 0.5285317175250648,
        "max": 0.569377990430622
    },
    "EMERALD_I": {
        "count": 100.0,
        "mean": 0.5121018325202038,
        "std": 0.026796280133898405,
        "min": 0.44765342960288806,
        "25%": 0.496984649122807,
        "50%": 0.5079824323100607,
        "75%": 0.5264617691154423,
        "max": 0.6521739130434783
    },
    "EMERALD_II": {
        "count": 100.0,
        "mean": 0.5061050254281576,
        "std": 0.02062789744233383,
        "min": 0.4624505928853755,
        "25%": 0.49110729829260125,
        "50%": 0.5045576051403808,
        "75%": 0.5192476383265857,
        "max": 0.5665024630541872
    },
    "EMERALD_III": {
        "count": 100.0,
        "mean": 0.50895230991661,
        "std": 0.01950772059325629,
        "min": 0.46963562753036436,
        "25%": 0.4962059620596206,
        "50%": 0.5098076923076923,
        "75%": 0.5197579313943705,
        "max": 0.5598290598290598
    },
    "EMERALD_IV": {
        "count": 100.0,
        "mean": 0.5078568639722973,
        "std": 0.02116263220081979,
        "min": 0.43478260869565216,
        "25%": 0.4956872342132713,
        "50%": 0.5093898783283372,
        "75%": 0.5215054095445114,
        "max": 0.5714285714285714
    },
    "PLATINUM_I": {
        "count": 100.0,
        "mean": 0.5061650170660272,
        "std": 0.019693773882279945,
        "min": 0.4537037037037037,
        "25%": 0.49322010366530916,
        "50%": 0.5071006016604485,
        "75%": 0.5201703163017032,
        "max": 0.55
    },
    "PLATINUM_II": {
        "count": 100.0,
        "mean": 0.5055494475633207,
        "std": 0.02236758354003934,
        "min": 0.4532710280373832,
        "25%": 0.49056551571491813,
        "50%": 0.5026746077701492,
        "75%": 0.5178660843440526,
        "max": 0.5742574257425742
    },
    "PLATINUM_III": {
        "count": 100.0,
        "mean": 0.5066620537042954,
        "std": 0.02069367444500731,
        "min": 0.4476987447698745,
        "25%": 0.49341754136274685,
        "50%": 0.5053221288515406,
        "75%": 0.5194932021103895,
        "max": 0.5693069306930693
    },
    "PLATINUM_IV": {
        "count": 100.0,
        "mean": 0.5058192488422282,
        "std": 0.019270642970875745,
        "min": 0.43902439024390244,
        "25%": 0.494136999332774,
        "50%": 0.5096337776132296,
        "75%": 0.5182511235746388,
        "max": 0.5516129032258065
    },
    "GOLD_I": {
        "count": 100.0,
        "mean": 0.5021897982389913,
        "std": 0.01977636626892499,
        "min": 0.4474885844748858,
        "25%": 0.4902674662097849,
        "50%": 0.5014774460666811,
        "75%": 0.5147310268702587,
        "max": 0.5721153846153846
    },
    "GOLD_II": {
        "count": 100.0,
        "mean": 0.5102719977362118,
        "std": 0.018828721917251396,
        "min": 0.46396396396396394,
        "25%": 0.4995353159851301,
        "50%": 0.5090759323049273,
        "75%": 0.5195663367469534,
        "max": 0.5604026845637584
    },
    "GOLD_III": {
        "count": 100.0,
        "mean": 0.5047272476189009,
        "std": 0.019004822802011524,
        "min": 0.4635036496350365,
        "25%": 0.49267924038425875,
        "50%": 0.5043310334483275,
        "75%": 0.5184080601966924,
        "max": 0.5418181818181819
    },
    "GOLD_IV": {
        "count": 100.0,
        "mean": 0.5020077311535343,
        "std": 0.017213809109623127,
        "min": 0.4634146341463415,
        "25%": 0.49152984893379315,
        "50%": 0.5007875829376844,
        "75%": 0.5121067515022977,
        "max": 0.5652173913043478
    },
    "SILVER_I": {
        "count": 100.0,
        "mean": 0.49931936296354357,
        "std": 0.020471251334924844,
        "min": 0.4444444444444444,
        "25%": 0.48602113541410663,
        "50%": 0.5,
        "75%": 0.5141557176686273,
        "max": 0.5369458128078818
    },
    "SILVER_II": {
        "count": 100.0,
        "mean": 0.5036948313198496,
        "std": 0.02039140398091821,
        "min": 0.44036697247706424,
        "25%": 0.4908486485941548,
        "50%": 0.5026489478892436,
        "75%": 0.5148705096073517,
        "max": 0.5615763546798029
    },
    "SILVER_III": {
        "count": 100.0,
        "mean": 0.5023594278236511,
        "std": 0.016218645661822857,
        "min": 0.46153846153846156,
        "25%": 0.49133819768316533,
        "50%": 0.5022222222222222,
        "75%": 0.513879741833509,
        "max": 0.5544554455445545
    },
    "SILVER_IV": {
        "count": 100.0,
        "mean": 0.5020034065476298,
        "std": 0.018642918085819263,
        "min": 0.45982142857142855,
        "25%": 0.48850523699627196,
        "50%": 0.5019767787101714,
        "75%": 0.5160247474855784,
        "max": 0.5475113122171946
    },
    "BRONZE_I": {
        "count": 100.0,
        "mean": 0.49871753844081956,
        "std": 0.01809442162946138,
        "min": 0.44761904761904764,
        "25%": 0.4878632112515171,
        "50%": 0.49755050675296075,
        "75%": 0.5092933947772658,
        "max": 0.5450236966824644
    },
    "BRONZE_II": {
        "count": 100.0,
        "mean": 0.49770932751839,
        "std": 0.018404770620910352,
        "min": 0.44545454545454544,
        "25%": 0.48780141534160404,
        "50%": 0.49904942965779464,
        "75%": 0.510604938644744,
        "max": 0.5422222222222223
    },
    "BRONZE_III": {
        "count": 100.0,
        "mean": 0.4989098122083559,
        "std": 0.017520759083647287,
        "min": 0.41232227488151657,
        "25%": 0.49122807017543857,
        "50%": 0.4984004890224645,
        "75%": 0.5101001939237233,
        "max": 0.5406360424028268
    },
    "BRONZE_IV": {
        "count": 100.0,
        "mean": 0.4952884224802054,
        "std": 0.015862393122125167,
        "min": 0.43457943925233644,
        "25%": 0.48580104106419897,
        "50%": 0.4961481481481481,
        "75%": 0.5055382821609017,
        "max": 0.5330188679245284
    },
    "IRON_I": {
        "count": 100.0,
        "mean": 0.4926678427936633,
        "std": 0.013247521410035065,
        "min": 0.4567901234567901,
        "25%": 0.48409980430528377,
        "50%": 0.4930490240288604,
        "75%": 0.5017788558722458,
        "max": 0.5213675213675214
    },
    "IRON_II": {
        "count": 100.0,
        "mean": 0.48735928988147736,
        "std": 0.01926986180916573,
        "min": 0.4064748201438849,
        "25%": 0.4808306055646481,
        "50%": 0.4917694079393036,
        "75%": 0.498241678641945,
        "max": 0.5283018867924528
    },
    "IRON_III": {
        "count": 100.0,
        "mean": 0.47469783863348014,
        "std": 0.02547078111920826,
        "min": 0.3463035019455253,
        "25%": 0.46198508903668745,
        "50%": 0.48028766683936547,
        "75%": 0.49145299145299143,
        "max": 0.5081967213114754
    },